Tên cửa hàng,Điểm tiềm năng,Địa chỉ,Số điện thoại,Đường dẫn Website,Đường dẫn Facebook,Link Zalo,Trạng thái Website,Đánh giá trung bình,Tổng số nhận xét,Lý do chấm điểm
"LALA SPA","55","Số 06 LKV08, Khu Đô Thị HUD, Sơn Tây, Hà Nội 12700, Việt Nam","+84 393 627 886","https://lalaspa.vn/","","","Đã có Web","5,0","5","Có SĐT (+25); Đã có Website (-20); Địa bàn trung tâm Sơn Tây (+10); Có tương tác/đang hoạt động (+10)"
"MASSAGE DLT 518 SƠN TÂY","100","518 P. Chùa Thông, Sơn Tây, Hà Nội, Việt Nam","+84 356 624 098","","https://www.facebook.com/profile.php?id=61574719492329","","CHƯA CÓ WEBSITE (MỤC TIÊU SỐ 1)","4,5","4","Có SĐT (+25); Chưa có Website (+20); Có FB nhưng chưa có Web (+15); Địa bàn trung tâm Sơn Tây (+10); Có tương tác/đang hoạt động (+10)"
"Plumeria Spa by Royal - Sơn Tây","55","KLK8 khu đô thị HUB, Sơn Tây, Hà Nội, Việt Nam","+84 916 688 278","https://pr-vn.com/plumeriaspasontay","","","Đã có Web","5,0","5","Có SĐT (+25); Đã có Website (-20); Địa bàn trung tâm Sơn Tây (+10); Có tương tác/đang hoạt động (+10)"
"Ylang Spa Trị mụn, nám chuẩn y khoa tại Sơn Tây","85","105 Phố Quang Trung, Sơn Tây, Hà Nội, Việt Nam","+84 24 3383 2999","","","","CHƯA CÓ WEBSITE (MỤC TIÊU SỐ 1)","","0","Có SĐT (+25); Chưa có Website (+20); Địa bàn trung tâm Sơn Tây (+10)"
"Hà Trang Viện Spa Đông Y","95","158 QL32, Sơn Tây, Hà Nội, Việt Nam","+84 968 596 899","","","","CHƯA CÓ WEBSITE (MỤC TIÊU SỐ 1)","4,5","4","Có SĐT (+25); Chưa có Website (+20); Địa bàn trung tâm Sơn Tây (+10); Có tương tác/đang hoạt động (+10)"
"Hà Trang Spa","95","1 Thiều Xuân, Sơn Tây, Hà Nội, Việt Nam","+84 968 596 899","","","","CHƯA CÓ WEBSITE (MỤC TIÊU SỐ 1)","5,0","5","Có SĐT (+25); Chưa có Website (+20); Địa bàn trung tâm Sơn Tây (+10); Có tương tác/đang hoạt động (+10)"
"massage sunshine spa -fo men","95","456 Đ. La Thành, phường, Sơn Tây, Hà Nội 10244, Việt Nam","+84 376 366 123","","","","CHƯA CÓ WEBSITE (MỤC TIÊU SỐ 1)","4,5","4","Có SĐT (+25); Chưa có Website (+20); Địa bàn trung tâm Sơn Tây (+10); Có tương tác/đang hoạt động (+10)"
"Diễm Diễm Beauty & Spa","95","LK14 Đ. Phú Hà, Khu Đô Thị Phú Hà, Sơn Tây, Hà Nội, Việt Nam","+84 988 809 563","","","","CHƯA CÓ WEBSITE (MỤC TIÊU SỐ 1)","5,0","5","Có SĐT (+25); Chưa có Website (+20); Địa bàn trung tâm Sơn Tây (+10); Có tương tác/đang hoạt động (+10)"
"MQ LUXURY Beauty & Spa 2","45","Hud, 10 LKB 18B KDT, Sơn Tây, Hà Nội 12718, Việt Nam","+84 967 645 586","http://mqspa.com/","","","Đã có Web","","0","Có SĐT (+25); Đã có Website (-20); Địa bàn trung tâm Sơn Tây (+10)"
"HUD Sơn Tây","95","Số 4, LKV13 đô thị HUD, Sơn Tây, Hà Nội, Việt Nam","+84 585 177 999","","","","CHƯA CÓ WEBSITE (MỤC TIÊU SỐ 1)","4,6","4","Có SĐT (+25); Chưa có Website (+20); Địa bàn trung tâm Sơn Tây (+10); Có tương tác/đang hoạt động (+10)"
"Thẩm Mỹ Quốc Tế Viva - Sơn Tây","95","274 QL32, Sơn Tây, Hà Nội 150000, Việt Nam","+84 879 948 999","","","","CHƯA CÓ WEBSITE (MỤC TIÊU SỐ 1)","3,9","3","Có SĐT (+25); Chưa có Website (+20); Địa bàn trung tâm Sơn Tây (+10); Có tương tác/đang hoạt động (+10)"